{
  "overall": {
    "tp": 21,
    "fp": 1,
    "tn": 49,
    "fn": 29,
    "precision": 0.9545454545454546,
    "recall": 0.42,
    "f1": 0.5833333333333334,
    "accuracy": 0.7
  },
  "by_segment": {
    "campaign_event": {
      "tp": 1,
      "fp": 0,
      "tn": 0,
      "fn": 5,
      "precision": 1.0,
      "recall": 0.16666666666666666,
      "f1": 0.2857142857142857,
      "accuracy": 0.16666666666666666
    },
    "marketplace_badge_social_proof": {
      "tp": 1,
      "fp": 0,
      "tn": 0,
      "fn": 12,
      "precision": 1.0,
      "recall": 0.07692307692307693,
      "f1": 0.14285714285714288,
      "accuracy": 0.07692307692307693
    },
    "negative_dense_nonpolicy_text": {
      "tp": 0,
      "fp": 1,
      "tn": 14,
      "fn": 0,
      "precision": 0.0,
      "recall": 0.0,
      "f1": 0.0,
      "accuracy": 0.9333333333333333
    },
    "negative_medium_nonpolicy_text": {
      "tp": 0,
      "fp": 0,
      "tn": 4,
      "fn": 0,
      "precision": 0.0,
      "recall": 0.0,
      "f1": 0.0,
      "accuracy": 1.0
    },
    "negative_no_ocr_text": {
      "tp": 0,
      "fp": 0,
      "tn": 31,
      "fn": 0,
      "precision": 0.0,
      "recall": 0.0,
      "f1": 0.0,
      "accuracy": 1.0
    },
    "other_legacy_label": {
      "tp": 4,
      "fp": 0,
      "tn": 0,
      "fn": 3,
      "precision": 1.0,
      "recall": 0.5714285714285714,
      "f1": 0.7272727272727273,
      "accuracy": 0.5714285714285714
    },
    "price_promotion": {
      "tp": 8,
      "fp": 0,
      "tn": 0,
      "fn": 5,
      "precision": 1.0,
      "recall": 0.6153846153846154,
      "f1": 0.761904761904762,
      "accuracy": 0.6153846153846154
    },
    "quality_originality_claim": {
      "tp": 1,
      "fp": 0,
      "tn": 0,
      "fn": 1,
      "precision": 1.0,
      "recall": 0.5,
      "f1": 0.6666666666666666,
      "accuracy": 0.5
    },
    "trust_payment_platform_claim": {
      "tp": 6,
      "fp": 0,
      "tn": 0,
      "fn": 3,
      "precision": 1.0,
      "recall": 0.6666666666666666,
      "f1": 0.8,
      "accuracy": 0.6666666666666666
    }
  },
  "dataset_csv": "outputs/datasets/validation.csv",
  "evaluated_rows": 100,
  "failed_rows": 0,
  "failure_rate": 0.0,
  "latency_ms": {
    "min": 790.957375022117,
    "median": 1798.6724370130105,
    "p95": 4151.363750017481,
    "p99": 4385.983540996676,
    "max": 4396.311916993
  },
  "failed_rows_detail": []
}