{
  "overall": {
    "tp": 18,
    "fp": 2,
    "tn": 48,
    "fn": 32,
    "precision": 0.9,
    "recall": 0.36,
    "f1": 0.5142857142857143,
    "accuracy": 0.66
  },
  "by_segment": {
    "campaign_event": {
      "tp": 1,
      "fp": 0,
      "tn": 0,
      "fn": 5,
      "precision": 1.0,
      "recall": 0.16666666666666666,
      "f1": 0.2857142857142857,
      "accuracy": 0.16666666666666666
    },
    "marketplace_badge_social_proof": {
      "tp": 3,
      "fp": 0,
      "tn": 0,
      "fn": 10,
      "precision": 1.0,
      "recall": 0.23076923076923078,
      "f1": 0.375,
      "accuracy": 0.23076923076923078
    },
    "negative_dense_nonpolicy_text": {
      "tp": 0,
      "fp": 1,
      "tn": 14,
      "fn": 0,
      "precision": 0.0,
      "recall": 0.0,
      "f1": 0.0,
      "accuracy": 0.9333333333333333
    },
    "negative_medium_nonpolicy_text": {
      "tp": 0,
      "fp": 0,
      "tn": 4,
      "fn": 0,
      "precision": 0.0,
      "recall": 0.0,
      "f1": 0.0,
      "accuracy": 1.0
    },
    "negative_no_ocr_text": {
      "tp": 0,
      "fp": 1,
      "tn": 30,
      "fn": 0,
      "precision": 0.0,
      "recall": 0.0,
      "f1": 0.0,
      "accuracy": 0.967741935483871
    },
    "other_legacy_label": {
      "tp": 1,
      "fp": 0,
      "tn": 0,
      "fn": 6,
      "precision": 1.0,
      "recall": 0.14285714285714285,
      "f1": 0.25,
      "accuracy": 0.14285714285714285
    },
    "price_promotion": {
      "tp": 7,
      "fp": 0,
      "tn": 0,
      "fn": 6,
      "precision": 1.0,
      "recall": 0.5384615384615384,
      "f1": 0.7000000000000001,
      "accuracy": 0.5384615384615384
    },
    "quality_originality_claim": {
      "tp": 1,
      "fp": 0,
      "tn": 0,
      "fn": 1,
      "precision": 1.0,
      "recall": 0.5,
      "f1": 0.6666666666666666,
      "accuracy": 0.5
    },
    "trust_payment_platform_claim": {
      "tp": 5,
      "fp": 0,
      "tn": 0,
      "fn": 4,
      "precision": 1.0,
      "recall": 0.5555555555555556,
      "f1": 0.7142857142857143,
      "accuracy": 0.5555555555555556
    }
  },
  "dataset_csv": "outputs/datasets/validation.csv",
  "evaluated_rows": 100,
  "failed_rows": 0,
  "failure_rate": 0.0,
  "latency_ms": {
    "min": 256.62324999575503,
    "median": 597.1657290065195,
    "p95": 1194.083291979041,
    "p99": 1676.5798330015969,
    "max": 1849.5472079957835
  },
  "failed_rows_detail": []
}