{
  "overall": {
    "tp": 18,
    "fp": 1,
    "tn": 49,
    "fn": 32,
    "precision": 0.9473684210526315,
    "recall": 0.36,
    "f1": 0.5217391304347826,
    "accuracy": 0.67
  },
  "by_segment": {
    "campaign_event": {
      "tp": 1,
      "fp": 0,
      "tn": 0,
      "fn": 5,
      "precision": 1.0,
      "recall": 0.16666666666666666,
      "f1": 0.2857142857142857,
      "accuracy": 0.16666666666666666
    },
    "marketplace_badge_social_proof": {
      "tp": 1,
      "fp": 0,
      "tn": 0,
      "fn": 12,
      "precision": 1.0,
      "recall": 0.07692307692307693,
      "f1": 0.14285714285714288,
      "accuracy": 0.07692307692307693
    },
    "negative_dense_nonpolicy_text": {
      "tp": 0,
      "fp": 1,
      "tn": 14,
      "fn": 0,
      "precision": 0.0,
      "recall": 0.0,
      "f1": 0.0,
      "accuracy": 0.9333333333333333
    },
    "negative_medium_nonpolicy_text": {
      "tp": 0,
      "fp": 0,
      "tn": 4,
      "fn": 0,
      "precision": 0.0,
      "recall": 0.0,
      "f1": 0.0,
      "accuracy": 1.0
    },
    "negative_no_ocr_text": {
      "tp": 0,
      "fp": 0,
      "tn": 31,
      "fn": 0,
      "precision": 0.0,
      "recall": 0.0,
      "f1": 0.0,
      "accuracy": 1.0
    },
    "other_legacy_label": {
      "tp": 1,
      "fp": 0,
      "tn": 0,
      "fn": 6,
      "precision": 1.0,
      "recall": 0.14285714285714285,
      "f1": 0.25,
      "accuracy": 0.14285714285714285
    },
    "price_promotion": {
      "tp": 8,
      "fp": 0,
      "tn": 0,
      "fn": 5,
      "precision": 1.0,
      "recall": 0.6153846153846154,
      "f1": 0.761904761904762,
      "accuracy": 0.6153846153846154
    },
    "quality_originality_claim": {
      "tp": 1,
      "fp": 0,
      "tn": 0,
      "fn": 1,
      "precision": 1.0,
      "recall": 0.5,
      "f1": 0.6666666666666666,
      "accuracy": 0.5
    },
    "trust_payment_platform_claim": {
      "tp": 6,
      "fp": 0,
      "tn": 0,
      "fn": 3,
      "precision": 1.0,
      "recall": 0.6666666666666666,
      "f1": 0.8,
      "accuracy": 0.6666666666666666
    }
  },
  "dataset_csv": "outputs/datasets/validation.csv",
  "evaluated_rows": 100,
  "failed_rows": 0,
  "failure_rate": 0.0,
  "latency_ms": {
    "min": 772.7865419874433,
    "median": 1820.4651874984847,
    "p95": 4160.963583010016,
    "p99": 4290.020374988671,
    "max": 4701.54020798509
  },
  "failed_rows_detail": []
}